<?xml version="1.0" encoding="UTF-8"?><?xml-stylesheet type='text/xsl' href='_UpgradeReport_Files/UpgradeReport.xslt'?><UpgradeLog>
<Properties><Property Name="Solution" Value="Facilitator">
</Property><Property Name="Solution File" Value="C:\Users\Riekelt Brands\Desktop\faciliator\VisualStudio\Facilitator.sln">
</Property><Property Name="Date" Value="woensdag 18 juli 2012">
</Property><Property Name="Time" Value="21:03">
</Property></Properties><Event ErrorLevel="0" Project="" Source="Facilitator.sln" Description="File successfully backed up as C:\Users\Riekelt Brands\Desktop\faciliator\VisualStudio\Facilitator.sln.old">
</Event><Event ErrorLevel="0" Project="Facilitator" Source="Facilitator.vcproj" Description="Converting project file 'C:\Users\Riekelt Brands\Desktop\faciliator\VisualStudio\Facilitator.vcproj'.">
</Event><Event ErrorLevel="1" Project="Facilitator" Source="Facilitator.vcproj" Description="VCWebServiceProxyGeneratorTool is no longer supported. The tool has been removed from your project settings.">
</Event><Event ErrorLevel="0" Project="Facilitator" Source="Facilitator.vcproj" Description="Done converting to new project file 'C:\Users\Riekelt Brands\Desktop\faciliator\VisualStudio\Facilitator.vcxproj'.">
</Event><Event ErrorLevel="3" Project="Facilitator" Source="Facilitator.vcproj" Description="Converted">
</Event><Event ErrorLevel="0" Project="" Source="Facilitator.sln" Description="Solution converted successfully">
</Event><Event ErrorLevel="3" Project="" Source="Facilitator.sln" Description="Converted">
</Event></UpgradeLog>